,soup
0,dermaveen soap free all other nontherapeutic productsinova pharmaceuticals  pte dermaveen soap freewash500ml
1,kenhancer plaster topical antirheumaticssun pharmaceutical sdn bhd kenhancer plaster20s
2,tecnis one zcb 065d cataract and anticataractogenic prepsabbott medical optics tecnis one zcb 065d
3,redoxon kids da chew vitamin c combinationsbayer co  sdn bhd redoxon kids da chewabletab60s
4,tecnis one zcb 210d cataract and anticataractogenic prepsabbott medical optics tecnis one zcb 210d
5,synmesh cutter promotional itemsstryker corporation  sdn bhd synmesh cutter v3
6,fluorocell wdf all other diagnostic testssysmex  sdn bhd  fluorocell wdfst2x42ml
7,adalat la calcium antagonists plainbayer co  sdn bhd  adalat latabs30mg30s
8,zovirax opth ophthalmological antiviral agentsglaxosmithkline pharmaceutical_ zovirax opthoint45gm
9,oxy oil control tone emollients protectivesrohtomentholatum  sdn bhd oxy oil control toner150ml
10,nimotop calcium antagonists w cerebral activitybayer co  sdn bhd  nimotoptabs30mg30s
11,johnsons lotion soa other dermatological preparationsjohnson  johnson sdn bhd pcl johnsons lotion soap 100gmx3
12,magnesium amino acid multivitamins with mineralscambert  sdn bhd   magnesium amino acidchelate 75060s
13,lamisil systemic agents for fungal infectionsnovartis corporation  sdn lamisiltab250mg3x14s
14,wellbutrin sr antidepressants all othersglaxosmithkline pharmaceutical_ wellbutrin sr150mg60s
15,zaditen syrup systemic antihistaminesnovartis corporation  sdn zaditen syrupbot1mg5ml200ml
16,zocor statins merck sharp  dohme  zocortabs10mg120s
17,tubinette 20m roll all other wound healing agentsmolnlycke healthcare tubinette 20m roll01
18,ux ii search sed st all other diagnostic testssysmex  sdn bhd  ux ii search sed st29mlx 1
19,uriage depiderm soin emollients protectiveslaboratoires dermato duriage uriage depiderm soinintensif f30ml
