"principalsalesrep","customersoldto","customershipto","salesrepid"
"ALLREP","0030070570","0070090977","myaz-adelinelim"
"ALLREP","0030070570","0070090977","myaz-agneshuang"
"ALLREP","0030070570","0070090977","myaz-agnesyong"
"ALLREP","0030070570","0070090977","myaz-alexislee"
"ALLREP","0030070570","0070090977","myaz-aliceleong"
"ALLREP","0030070570","0070090977","myaz-aliceyong"
"ALLREP","0030070570","0070090977","myaz-alveselva"
"ALLREP","0030070570","0070090977","myaz-amieechung"
"ALLREP","0030070570","0070090977","myaz-amiraazhar"
"ALLREP","0030070570","0070090977","myaz-amostan"
"ALLREP","0030070570","0070090977","myaz-angellai"
"ALLREP","0030070570","0070090977","myaz-annaong"
"ALLREP","0030070570","0070090977","myaz-annielim"
"ALLREP","0030070570","0070090977","myaz-audreychin"
"ALLREP","0030070570","0070090977","myaz-beekengkho"
"ALLREP","0030070570","0070090977","myaz-bernard"
"ALLREP","0030070570","0070090977","myaz-berniceguek"
"ALLREP","0030070570","0070090977","myaz-bgooi"
"ALLREP","0030070570","0070090977","myaz-bmtan"
"ALLREP","0030070570","0070090977","myaz-boonhanlau"
"ALLREP","0030070570","0070090977","myaz-cannylim"
"ALLREP","0030070570","0070090977","myaz-carmenlee2"
"ALLREP","0030070570","0070090977","myaz-carmenngan"
"ALLREP","0030070570","0070090977","myaz-caroltoh"
"ALLREP","0030070570","0070090977","myaz-carolyntan"
"ALLREP","0030070570","0070090977","myaz-cbong"
"ALLREP","0030070570","0070090977","myaz-ccchee"
"ALLREP","0030070570","0070090977","myaz-celestlim"
"ALLREP","0030070570","0070090977","myaz-cheehaukoo"
"ALLREP","0030070570","0070090977","myaz-cherryphang"
"ALLREP","0030070570","0070090977","myaz-chgoh"
"ALLREP","0030070570","0070090977","myaz-chiayinnl"
"ALLREP","0030070570","0070090977","myaz-chingyiklee"
"ALLREP","0030070570","0070090977","myaz-chrislau"
"ALLREP","0030070570","0070090977","myaz-chtan"
"ALLREP","0030070570","0070090977","myaz-cindylau"
"ALLREP","0030070570","0070090977","myaz-cpseow"
"ALLREP","0030070570","0070090977","myaz-cysiah"
"ALLREP","0030070570","0070090977","myaz-cysim"
"ALLREP","0030070570","0070090977","myaz-cywong"
"ALLREP","0030070570","0070090977","myaz-danielchang1"
"ALLREP","0030070570","0070090977","myaz-daniellechan"
"ALLREP","0030070570","0070090977","myaz-diana"
"ALLREP","0030070570","0070090977","myaz-easonlee"
"ALLREP","0030070570","0070090977","myaz-eetningku"
"ALLREP","0030070570","0070090977","myaz-elainetan1"
"ALLREP","0030070570","0070090977","myaz-elang"
"ALLREP","0030070570","0070090977","myaz-eliselooi"
"ALLREP","0030070570","0070090977","myaz-ellistan1"
"ALLREP","0030070570","0070090977","myaz-emilykiu"
"ALLREP","0030070570","0070090977","myaz-emilywong"
"ALLREP","0030070570","0070090977","myaz-ericang"
"ALLREP","0030070570","0070090977","myaz-ericcaleong"
"ALLREP","0030070570","0070090977","myaz-ericlim"
"ALLREP","0030070570","0070090977","myaz-eshuenleow"
"ALLREP","0030070570","0070090977","myaz-eslee"
"ALLREP","0030070570","0070090977","myaz-estherho"
"ALLREP","0030070570","0070090977","myaz-eugenethee"
"ALLREP","0030070570","0070090977","myaz-eujinlim"
"ALLREP","0030070570","0070090977","myaz-euvenyeo"
"ALLREP","0030070570","0070090977","myaz-evelynchui"
"ALLREP","0030070570","0070090977","myaz-evelyntan"
"ALLREP","0030070570","0070090977","myaz-fanyeegoh"
"ALLREP","0030070570","0070090977","myaz-farahwm"
"ALLREP","0030070570","0070090977","myaz-fflim"
"ALLREP","0030070570","0070090977","myaz-fionafoo"
"ALLREP","0030070570","0070090977","myaz-fionayong"
"ALLREP","0030070570","0070090977","myaz-florenceho"
"ALLREP","0030070570","0070090977","myaz-foopunyip"
"ALLREP","0030070570","0070090977","myaz-guccatay"
"ALLREP","0030070570","0070090977","myaz-haeleytee"
"ALLREP","0030070570","0070090977","myaz-ivan"
"ALLREP","0030070570","0070090977","myaz-ivanho1"
"ALLREP","0030070570","0070090977","myaz-jackmoh"
"ALLREP","0030070570","0070090977","myaz-jadeyeoh"
"ALLREP","0030070570","0070090977","myaz-jamesontan"
"ALLREP","0030070570","0070090977","myaz-jamesonwong"
"ALLREP","0030070570","0070090977","myaz-janicekhor"
"ALLREP","0030070570","0070090977","myaz-jaredho"
"ALLREP","0030070570","0070090977","myaz-jasmimm"
"ALLREP","0030070570","0070090977","myaz-jasontan"
"ALLREP","0030070570","0070090977","myaz-jazzleong"
"ALLREP","0030070570","0070090977","myaz-jeanfoo"
"ALLREP","0030070570","0070090977","myaz-jecelynphua"
"ALLREP","0030070570","0070090977","myaz-jenarthananv"
"ALLREP","0030070570","0070090977","myaz-jenelltam"
"ALLREP","0030070570","0070090977","myaz-jeniceteoh"
"ALLREP","0030070570","0070090977","myaz-jessicaho1"
"ALLREP","0030070570","0070090977","myaz-jessicalooi"
"ALLREP","0030070570","0070090977","myaz-jessieleow"
"ALLREP","0030070570","0070090977","myaz-jessielim"
"ALLREP","0030070570","0070090977","myaz-jessiewong"
"ALLREP","0030070570","0070090977","myaz-jiahuiwang4"
"ALLREP","0030070570","0070090977","myaz-joannayam1"
"ALLREP","0030070570","0070090977","myaz-joannekoay"
"ALLREP","0030070570","0070090977","myaz-jocelynho"
"ALLREP","0030070570","0070090977","myaz-johnchea"
"ALLREP","0030070570","0070090977","myaz-johnny"
"ALLREP","0030070570","0070090977","myaz-jueantan"
"ALLREP","0030070570","0070090977","myaz-junhuahe"
"ALLREP","0030070570","0070090977","myaz-jwwong"
"ALLREP","0030070570","0070090977","myaz-karlaihor"
"ALLREP","0030070570","0070090977","myaz-kashmitasp"
"ALLREP","0030070570","0070090977","myaz-katherinekhong"
"ALLREP","0030070570","0070090977","myaz-kcwee"
"ALLREP","0030070570","0070090977","myaz-kelvinlim"
"ALLREP","0030070570","0070090977","myaz-kennethching"
"ALLREP","0030070570","0070090977","myaz-khlim"
"ALLREP","0030070570","0070090977","myaz-kimyeelee"
"ALLREP","0030070570","0070090977","myaz-kokkonglaw"
"ALLREP","0030070570","0070090977","myaz-kristinwong"
"ALLREP","0030070570","0070090977","myaz-krystallim"
"ALLREP","0030070570","0070090977","myaz-ksyeo"
"ALLREP","0030070570","0070090977","myaz-leechinkok"
"ALLREP","0030070570","0070090977","myaz-leechooc"
"ALLREP","0030070570","0070090977","myaz-lenzjaw"
"ALLREP","0030070570","0070090977","myaz-lgteoh"
"ALLREP","0030070570","0070090977","myaz-linaliew"
"ALLREP","0030070570","0070090977","myaz-liyanaaa"
"ALLREP","0030070570","0070090977","myaz-llng"
"ALLREP","0030070570","0070090977","myaz-lstee"
"ALLREP","0030070570","0070090977","myaz-lucashaw"
"ALLREP","0030070570","0070090977","myaz-lyng"
"ALLREP","0030070570","0070090977","myaz-mandyteoh"
"ALLREP","0030070570","0070090977","myaz-meilingho"
"ALLREP","0030070570","0070090977","myaz-mfloh"
"ALLREP","0030070570","0070090977","myaz-michael"
"ALLREP","0030070570","0070090977","myaz-mingweychan"
"ALLREP","0030070570","0070090977","myaz-nezulhisyama"
"ALLREP","0030070570","0070090977","myaz-nicolelim"
"ALLREP","0030070570","0070090977","myaz-nicoletan"
"ALLREP","0030070570","0070090977","myaz-nureen"
"ALLREP","0030070570","0070090977","myaz-omariqbal"
"ALLREP","0030070570","0070090977","myaz-paulinet"
"ALLREP","0030070570","0070090977","myaz-pearlypoh"
"ALLREP","0030070570","0070090977","myaz-peggylee"
"ALLREP","0030070570","0070090977","myaz-peivithras"
"ALLREP","0030070570","0070090977","myaz-pingpengc"
"ALLREP","0030070570","0070090977","myaz-ppning"
"ALLREP","0030070570","0070090977","myaz-praveena"
"ALLREP","0030070570","0070090977","myaz-premaladevy"
"ALLREP","0030070570","0070090977","myaz-premikar"
"ALLREP","0030070570","0070090977","myaz-rabeccatan"
"ALLREP","0030070570","0070090977","myaz-rachelkoh"
"ALLREP","0030070570","0070090977","myaz-raymondgoh"
"ALLREP","0030070570","0070090977","myaz-rianne"
"ALLREP","0030070570","0070090977","myaz-rukkeeshraus"
"ALLREP","0030070570","0070090977","myaz-saikkeefoo"
"ALLREP","0030070570","0070090977","myaz-sannieliew"
"ALLREP","0030070570","0070090977","myaz-sashinap"
"ALLREP","0030070570","0070090977","myaz-sereneyap"
"ALLREP","0030070570","0070090977","myaz-sharonelim"
"ALLREP","0030070570","0070090977","myaz-sharonlaw"
"ALLREP","0030070570","0070090977","myaz-shijialoo"
"ALLREP","0030070570","0070090977","myaz-shirleychai"
"ALLREP","0030070570","0070090977","myaz-shirlytan"
"ALLREP","0030070570","0070090977","myaz-shuwenwong"
"ALLREP","0030070570","0070090977","myaz-skylerlau"
"ALLREP","0030070570","0070090977","myaz-slng"
"ALLREP","0030070570","0070090977","myaz-slwong"
"ALLREP","0030070570","0070090977","myaz-snowchong"
"ALLREP","0030070570","0070090977","myaz-sookimgoh"
"ALLREP","0030070570","0070090977","myaz-souyanwong"
"ALLREP","0030070570","0070090977","myaz-stanleyyip"
"ALLREP","0030070570","0070090977","myaz-stephaniebeh"
"ALLREP","0030070570","0070090977","myaz-stephanieh"
"ALLREP","0030070570","0070090977","myaz-stephanylim"
"ALLREP","0030070570","0070090977","myaz-stepling"
"ALLREP","0030070570","0070090977","myaz-stewartchin"
"ALLREP","0030070570","0070090977","myaz-summerlau"
"ALLREP","0030070570","0070090977","myaz-swyeoh"
"ALLREP","0030070570","0070090977","myaz-syamaladevi"
"ALLREP","0030070570","0070090977","myaz-sylviasoh"
"ALLREP","0030070570","0070090977","myaz-sywong1"
"ALLREP","0030070570","0070090977","myaz-tbyap"
"ALLREP","0030070570","0070090977","myaz-teehockw"
"ALLREP","0030070570","0070090977","myaz-tingzhiwong"
"ALLREP","0030070570","0070090977","myaz-tmtan"
"ALLREP","0030070570","0070090977","myaz-tracywong"
"ALLREP","0030070570","0070090977","myaz-ttng"
"ALLREP","0030070570","0070090977","myaz-tttan"
"ALLREP","0030070570","0070090977","myaz-tzexianlau"
"ALLREP","0030070570","0070090977","myaz-vincent"
"ALLREP","0030070570","0070090977","myaz-vivianlai"
"ALLREP","0030070570","0070090977","myaz-viviennec"
"ALLREP","0030070570","0070090977","myaz-waixinlow"
"ALLREP","0030070570","0070090977","myaz-weeyanc"
"ALLREP","0030070570","0070090977","myaz-wendychoong"
"ALLREP","0030070570","0070090977","myaz-wendyloo"
"ALLREP","0030070570","0070090977","myaz-yichingoh"
"ALLREP","0030070570","0070090977","myaz-yingyingfoo"
"ALLREP","0030070570","0070090977","myaz-yitinglim"
"ALLREP","0030070570","0070090977","myaz-yiyeonggoh"
"ALLREP","0030070570","0070090977","myaz-yjsek"
"ALLREP","0030070570","0070090977","myaz-yklore"
"ALLREP","0030070570","0070090977","myaz-ymteh"
"ALLREP","0030070570","0070090977","myepp-deniseang"
"ALLREP","0030070570","0070090977","myepp-erischew"
"ALLREP","0030070570","0070090977","myepp-jacelynteh"
"ALLREP","0030070570","0070090977","myepp-jeannetan"
"ALLREP","0030070570","0070090977","myepp-jefftay"
"ALLREP","0030070570","0070090977","myepp-kelvinlim"
"ALLREP","0030070570","0070090977","myepp-louiskhaw"
"ALLREP","0030070570","0070090977","myepp-lynntan"
"ALLREP","0030070570","0070090977","myepp-mickychaang"
"ALLREP","0030070570","0070090977","myepp-ngkh"
"ALLREP","0030070570","0070090977","myepp-sandrapang"
"ALLREP","0030070570","0070090977","mymrni-abbysoo"
"ALLREP","0030070570","0070090977","mymrni-abraeapen"
"ALLREP","0030070570","0070090977","mymrni-adamwong"
"ALLREP","0030070570","0070090977","mymrni-adelinechai"
"ALLREP","0030070570","0070090977","mymrni-aileentan"
"ALLREP","0030070570","0070090977","mymrni-alexlee"
"ALLREP","0030070570","0070090977","mymrni-alvintan"
"ALLREP","0030070570","0070090977","mymrni-amandaloh"
"ALLREP","0030070570","0070090977","mymrni-amirtharaj"
"ALLREP","0030070570","0070090977","mymrni-anniengian"
"ALLREP","0030070570","0070090977","mymrni-avenieloo"
"ALLREP","0030070570","0070090977","mymrni-bslim"
"ALLREP","0030070570","0070090977","mymrni-bsteoh"
"ALLREP","0030070570","0070090977","mymrni-carinechong"
"ALLREP","0030070570","0070090977","mymrni-carmenc"
"ALLREP","0030070570","0070090977","mymrni-ccliew"
"ALLREP","0030070570","0070090977","mymrni-cclim"
"ALLREP","0030070570","0070090977","mymrni-cherrytan"
"ALLREP","0030070570","0070090977","mymrni-cheryla"
"ALLREP","0030070570","0070090977","mymrni-chloelai"
"ALLREP","0030070570","0070090977","mymrni-chloelim"
"ALLREP","0030070570","0070090977","mymrni-christan"
"ALLREP","0030070570","0070090977","mymrni-christinel"
"ALLREP","0030070570","0070090977","mymrni-christyc"
"ALLREP","0030070570","0070090977","mymrni-christyp"
"ALLREP","0030070570","0070090977","mymrni-cindygoh"
"ALLREP","0030070570","0070090977","mymrni-cindywee"
"ALLREP","0030070570","0070090977","mymrni-crystaltoh"
"ALLREP","0030070570","0070090977","mymrni-dannychin"
"ALLREP","0030070570","0070090977","mymrni-darwinyap"
"ALLREP","0030070570","0070090977","mymrni-dianawong"
"ALLREP","0030070570","0070090977","mymrni-diusinlau"
"ALLREP","0030070570","0070090977","mymrni-edwardhon"
"ALLREP","0030070570","0070090977","mymrni-eelingteoh"
"ALLREP","0030070570","0070090977","mymrni-eelinlim"
"ALLREP","0030070570","0070090977","mymrni-elamaran"
"ALLREP","0030070570","0070090977","mymrni-ericchan"
"ALLREP","0030070570","0070090977","mymrni-erinelyl"
"ALLREP","0030070570","0070090977","mymrni-estentan"
"ALLREP","0030070570","0070090977","mymrni-euguneliew"
"ALLREP","0030070570","0070090977","mymrni-euniceteng"
"ALLREP","0030070570","0070090977","mymrni-fennyng"
"ALLREP","0030070570","0070090977","mymrni-fionachong"
"ALLREP","0030070570","0070090977","mymrni-gallenng"
"ALLREP","0030070570","0070090977","mymrni-gavingoh"
"ALLREP","0030070570","0070090977","mymrni-gracekhew"
"ALLREP","0030070570","0070090977","mymrni-hafizatul"
"ALLREP","0030070570","0070090977","mymrni-hildachong"
"ALLREP","0030070570","0070090977","mymrni-huimtan"
"ALLREP","0030070570","0070090977","mymrni-hwlim"
"ALLREP","0030070570","0070090977","mymrni-inglinglaw"
"ALLREP","0030070570","0070090977","mymrni-jacksoong"
"ALLREP","0030070570","0070090977","mymrni-jacqiechew"
"ALLREP","0030070570","0070090977","mymrni-jasminekee"
"ALLREP","0030070570","0070090977","mymrni-jassicaooi"
"ALLREP","0030070570","0070090977","mymrni-jerryliew"
"ALLREP","0030070570","0070090977","mymrni-jeslynng"
"ALLREP","0030070570","0070090977","mymrni-jessicalee"
"ALLREP","0030070570","0070090977","mymrni-jessietee"
"ALLREP","0030070570","0070090977","mymrni-jessmiekoh"
"ALLREP","0030070570","0070090977","mymrni-jiayelim"
"ALLREP","0030070570","0070090977","mymrni-jiayingchia"
"ALLREP","0030070570","0070090977","mymrni-jieyvinlee"
"ALLREP","0030070570","0070090977","mymrni-jocneo"
"ALLREP","0030070570","0070090977","mymrni-johndsoong"
"ALLREP","0030070570","0070090977","mymrni-johnleeyh"
"ALLREP","0030070570","0070090977","mymrni-johnong"
"ALLREP","0030070570","0070090977","mymrni-jolenegoh"
"ALLREP","0030070570","0070090977","mymrni-jonathantan"
"ALLREP","0030070570","0070090977","mymrni-josephinel"
"ALLREP","0030070570","0070090977","mymrni-josephines"
"ALLREP","0030070570","0070090977","mymrni-josephinet"
"ALLREP","0030070570","0070090977","mymrni-judylee"
"ALLREP","0030070570","0070090977","mymrni-karmunyong"
"ALLREP","0030070570","0070090977","mymrni-kateteoh"
"ALLREP","0030070570","0070090977","mymrni-kellylam"
"ALLREP","0030070570","0070090977","mymrni-kellylaw"
"ALLREP","0030070570","0070090977","mymrni-kenlim"
"ALLREP","0030070570","0070090977","mymrni-kevinliew"
"ALLREP","0030070570","0070090977","mymrni-kevinsia"
"ALLREP","0030070570","0070090977","mymrni-khchong"
"ALLREP","0030070570","0070090977","mymrni-klwong"
"ALLREP","0030070570","0070090977","mymrni-kumarkris"
"ALLREP","0030070570","0070090977","mymrni-kychong"
"ALLREP","0030070570","0070090977","mymrni-liking"
"ALLREP","0030070570","0070090977","mymrni-lindawong"
"ALLREP","0030070570","0070090977","mymrni-lizyiow"
"ALLREP","0030070570","0070090977","mymrni-lovetteliew"
"ALLREP","0030070570","0070090977","mymrni-lxho"
"ALLREP","0030070570","0070090977","mymrni-mabellim"
"ALLREP","0030070570","0070090977","mymrni-malcolmng"
"ALLREP","0030070570","0070090977","mymrni-marcuskoh"
"ALLREP","0030070570","0070090977","mymrni-marsita"
"ALLREP","0030070570","0070090977","mymrni-marykhoo"
"ALLREP","0030070570","0070090977","mymrni-maviskuek"
"ALLREP","0030070570","0070090977","mymrni-melorbaz"
"ALLREP","0030070570","0070090977","mymrni-merdinakoh"
"ALLREP","0030070570","0070090977","mymrni-michelley"
"ALLREP","0030070570","0070090977","mymrni-mikelem"
"ALLREP","0030070570","0070090977","mymrni-mlchong"
"ALLREP","0030070570","0070090977","mymrni-nabilahm"
"ALLREP","0030070570","0070090977","mymrni-nickibeh"
"ALLREP","0030070570","0070090977","mymrni-nicwong"
"ALLREP","0030070570","0070090977","mymrni-norelida"
"ALLREP","0030070570","0070090977","mymrni-olivekim"
"ALLREP","0030070570","0070090977","mymrni-patrickchin"
"ALLREP","0030070570","0070090977","mymrni-paulchong"
"ALLREP","0030070570","0070090977","mymrni-pclee"
"ALLREP","0030070570","0070090977","mymrni-philipkoh"
"ALLREP","0030070570","0070090977","mymrni-phoontan"
"ALLREP","0030070570","0070090977","mymrni-ptng"
"ALLREP","0030070570","0070090977","mymrni-rachaellu"
"ALLREP","0030070570","0070090977","mymrni-racheleng"
"ALLREP","0030070570","0070090977","mymrni-rainteo"
"ALLREP","0030070570","0070090977","mymrni-raymondng"
"ALLREP","0030070570","0070090977","mymrni-rhemar"
"ALLREP","0030070570","0070090977","mymrni-richterlee"
"ALLREP","0030070570","0070090977","mymrni-rockyyin"
"ALLREP","0030070570","0070090977","mymrni-roeyaw"
"ALLREP","0030070570","0070090977","mymrni-sckhor"
"ALLREP","0030070570","0070090977","mymrni-scliew"
"ALLREP","0030070570","0070090977","mymrni-serenelee"
"ALLREP","0030070570","0070090977","mymrni-sherchong"
"ALLREP","0030070570","0070090977","mymrni-sherfennyo"
"ALLREP","0030070570","0070090977","mymrni-sherineng"
"ALLREP","0030070570","0070090977","mymrni-sheryinong"
"ALLREP","0030070570","0070090977","mymrni-sheryllim"
"ALLREP","0030070570","0070090977","mymrni-shuanchen"
"ALLREP","0030070570","0070090977","mymrni-sjhoe"
"ALLREP","0030070570","0070090977","mymrni-skteoh"
"ALLREP","0030070570","0070090977","mymrni-slingtan"
"ALLREP","0030070570","0070090977","mymrni-smlim"
"ALLREP","0030070570","0070090977","mymrni-stevenchong"
"ALLREP","0030070570","0070090977","mymrni-stevetham"
"ALLREP","0030070570","0070090977","mymrni-sweeyeec"
"ALLREP","0030070570","0070090977","mymrni-syaheida"
"ALLREP","0030070570","0070090977","mymrni-syteo"
"ALLREP","0030070570","0070090977","mymrni-tamsintan"
"ALLREP","0030070570","0070090977","mymrni-tinitachow"
"ALLREP","0030070570","0070090977","mymrni-tpwang"
"ALLREP","0030070570","0070090977","mymrni-trudylau"
"ALLREP","0030070570","0070090977","mymrni-vasuppiah"
"ALLREP","0030070570","0070090977","mymrni-victorlim"
"ALLREP","0030070570","0070090977","mymrni-vienang"
"ALLREP","0030070570","0070090977","mymrni-vivienkho"
"ALLREP","0030070570","0070090977","mymrni-vweechin"
"ALLREP","0030070570","0070090977","mymrni-wctung"
"ALLREP","0030070570","0070090977","mymrni-wendyliew"
"ALLREP","0030070570","0070090977","mymrni-wenniek"
"ALLREP","0030070570","0070090977","mymrni-williamteh"
"ALLREP","0030070570","0070090977","mymrni-wlyeap"
"ALLREP","0030070570","0070090977","mymrni-wsyee"
"ALLREP","0030070570","0070090977","mymrni-wxyow"
"ALLREP","0030070570","0070090977","mymrni-wynteech"
"ALLREP","0030070570","0070090977","mymrni-xinyulim"
"ALLREP","0030070570","0070090977","mymrni-xplim"
"ALLREP","0030070570","0070090977","mymrni-xyteh"
"ALLREP","0030070570","0070090977","mymrni-yeyong"
"ALLREP","0030070570","0070090977","mymrni-ypchong"
"ALLREP","0030070570","0070090977","mymrni-yuhanlim"
"ALLREP","0030070570","0070090977","mymrni-yvonnesay"
"ALLREP","0030070570","0070090977","mynrdsk-aahakimk"
"ALLREP","0030070570","0070090977","mynrdsk-aisz"
"ALLREP","0030070570","0070090977","mynrdsk-akaz"
"ALLREP","0030070570","0070090977","mynrdsk-auce"
"ALLREP","0030070570","0070090977","mynrdsk-brandonlim"
"ALLREP","0030070570","0070090977","mynrdsk-calvincyl"
"ALLREP","0030070570","0070090977","mynrdsk-chcj"
"ALLREP","0030070570","0070090977","mynrdsk-chcw"
"ALLREP","0030070570","0070090977","mynrdsk-chjy"
"ALLREP","0030070570","0070090977","mynrdsk-clog"
"ALLREP","0030070570","0070090977","mynrdsk-cncy"
"ALLREP","0030070570","0070090977","mynrdsk-cnyt"
"ALLREP","0030070570","0070090977","mynrdsk-colleentay"
"ALLREP","0030070570","0070090977","mynrdsk-cwarizal"
"ALLREP","0030070570","0070090977","mynrdsk-cwmi"
"ALLREP","0030070570","0070090977","mynrdsk-eelw"
"ALLREP","0030070570","0070090977","mynrdsk-elwee"
"ALLREP","0030070570","0070090977","mynrdsk-erinooi"
"ALLREP","0030070570","0070090977","mynrdsk-eswe"
"ALLREP","0030070570","0070090977","mynrdsk-evanlim"
"ALLREP","0030070570","0070090977","mynrdsk-geht"
"ALLREP","0030070570","0070090977","mynrdsk-hkwy"
"ALLREP","0030070570","0070090977","mynrdsk-hobl"
"ALLREP","0030070570","0070090977","mynrdsk-howe"
"ALLREP","0030070570","0070090977","mynrdsk-hpgt"
"ALLREP","0030070570","0070090977","mynrdsk-hwjy"
"ALLREP","0030070570","0070090977","mynrdsk-ivankoo"
"ALLREP","0030070570","0070090977","mynrdsk-jasminep"
"ALLREP","0030070570","0070090977","mynrdsk-jlzi"
"ALLREP","0030070570","0070090977","mynrdsk-khuy"
"ALLREP","0030070570","0070090977","mynrdsk-lbzq"
"ALLREP","0030070570","0070090977","mynrdsk-lclg"
"ALLREP","0030070570","0070090977","mynrdsk-lhnm"
"ALLREP","0030070570","0070090977","mynrdsk-lijh"
"ALLREP","0030070570","0070090977","mynrdsk-lindaooi"
"ALLREP","0030070570","0070090977","mynrdsk-lmfg"
"ALLREP","0030070570","0070090977","mynrdsk-lmyz"
"ALLREP","0030070570","0070090977","mynrdsk-lnck"
"ALLREP","0030070570","0070090977","mynrdsk-lpsz"
"ALLREP","0030070570","0070090977","mynrdsk-lqsl"
"ALLREP","0030070570","0070090977","mynrdsk-lttee"
"ALLREP","0030070570","0070090977","mynrdsk-ltyap"
"ALLREP","0030070570","0070090977","mynrdsk-lwet"
"ALLREP","0030070570","0070090977","mynrdsk-lwkh"
"ALLREP","0030070570","0070090977","mynrdsk-lwzl"
"ALLREP","0030070570","0070090977","mynrdsk-lzyo"
"ALLREP","0030070570","0070090977","mynrdsk-mjoi"
"ALLREP","0030070570","0070090977","mynrdsk-nalg"
"ALLREP","0030070570","0070090977","mynrdsk-pchakkarwar"
"ALLREP","0030070570","0070090977","mynrdsk-powt"
"ALLREP","0030070570","0070090977","mynrdsk-qsyh"
"ALLREP","0030070570","0070090977","mynrdsk-rcbs"
"ALLREP","0030070570","0070090977","mynrdsk-roselinec"
"ALLREP","0030070570","0070090977","mynrdsk-siyt"
"ALLREP","0030070570","0070090977","mynrdsk-skph"
"ALLREP","0030070570","0070090977","mynrdsk-sktan"
"ALLREP","0030070570","0070090977","mynrdsk-slhg"
"ALLREP","0030070570","0070090977","mynrdsk-telp"
"ALLREP","0030070570","0070090977","mynrdsk-thenitram"
"ALLREP","0030070570","0070090977","mynrdsk-tzhi"
"ALLREP","0030070570","0070090977","mynrdsk-vincentsiow"
"ALLREP","0030070570","0070090977","mynrdsk-vsf"
"ALLREP","0030070570","0070090977","mynrdsk-wchc"
"ALLREP","0030070570","0070090977","mynrdsk-wgc"
"ALLREP","0030070570","0070090977","mynrdsk-womk"
"ALLREP","0030070570","0070090977","mynrdsk-xylm"
"ALLREP","0030070570","0070090977","mynrdsk-yelt"
"ALLREP","0030070570","0070090977","mynrdsk-yllm"
"ALLREP","0030070570","0070090977","mynrdsk-ypsl"
"ALLREP","0030070570","0070090977","mynrdsk-yrmd"
"ALLREP","0030070570","0070090977","mynrdsk-zeliango"
"ALLREP","0030070570","0070090977","mynrdsk-zsys"
"ALLREP","0030070570","0070090977","mysoza-birdtan"
"ALLREP","0030070570","0070090977","mysoza-clarissat"
"ALLREP","0030070570","0070090977","mysoza-evlaw"
"ALLREP","0030070570","0070090977","mysoza-vincentk"
"ALLREP","0030070570","0070090977","mysoza-ykleong"
"ALLREP","0030070570","0070090977","mysysmex-azaiton"
"ALLREP","0030070570","0070090977","mysysmex-fatihah"
"ALLREP","0030070570","0070090977","mysysmex-junweil"
"ALLREP","0030070570","0070090977","mysysmex-junxians"
"ALLREP","0030070570","0070090977","mysysmex-nur"
"ALLREP","0030070570","0070090977","mysysmex-revathy"
"ALLREP","0030070570","0070090977","mysysmex-ryanphang"
"ALLREP","0030070570","0070090977","regepplus_elvin.tan"
"ALLREP","0030070570","0070090977","regepplus_h.lee"
"ALLREP","0030070570","0070090977","regepplus_kyeli.kee"
"ALLREP","0030070570","0070090977","regepplus_pl.yeoh"
"ALLREP","0030070570","0070090977","regepplus_tracy.lin"
"ALLREP","0030070570","0070090977","regnovo-kaan"
"ALLREP","0030070570","0070090977","swng"
"E003","0030070570","0070090977","adwong"
"E003","0030070570","0070090977","aysuhendra"
"E003","0030070570","0070090977","byew"
"E003","0030070570","0070090977","ckchia"
"E003","0030070570","0070090977","cmchoong"
"E003","0030070570","0070090977","jnardo"
"E003","0030070570","0070090977","jnto"
"E003","0030070570","0070090977","jsteoh"
"E003","0030070570","0070090977","khwang"
"E003","0030070570","0070090977","kskhoo"
"E003","0030070570","0070090977","mcting"
"E003","0030070570","0070090977","nfoo"
"E003","0030070570","0070090977","nimnordin"
"E003","0030070570","0070090977","pelng"
"E003","0030070570","0070090977","raclee"
"E003","0030070570","0070090977","sctan"
"E003","0030070570","0070090977","scyau"
"E003","0030070570","0070090977","stcheah"
"E003","0030070570","0070090977","wkhoo"
"E003","0030070570","0070090977","wmteng"
"E003","0030070570","0070090977","yfuchan"
"E101","0030070570","0070090977","adwong"
"E101","0030070570","0070090977","aysuhendra"
"E101","0030070570","0070090977","benedicts"
"E101","0030070570","0070090977","ckchia"
"E101","0030070570","0070090977","ing"
"E101","0030070570","0070090977","jnardo"
"E101","0030070570","0070090977","jnto"
"E101","0030070570","0070090977","jsteoh"
"E101","0030070570","0070090977","khwang"
"E101","0030070570","0070090977","mayhan"
"E101","0030070570","0070090977","mcting"
"E101","0030070570","0070090977","nchew"
"E101","0030070570","0070090977","nfoo"
"E101","0030070570","0070090977","nimnordin"
"E101","0030070570","0070090977","pelng"
"E101","0030070570","0070090977","raclee"
"E101","0030070570","0070090977","sctan"
"E101","0030070570","0070090977","senhong"
"E101","0030070570","0070090977","stcheah"
"E101","0030070570","0070090977","wkhoo"
"E101","0030070570","0070090977","wltang"
"E101","0030070570","0070090977","wmteng"
"E101","0030070570","0070090977","wsliew"
"E101","0030070570","0070090977","yfuchan"
"E101","0030070570","0070090977","yvchong"
"E109","0030070570","0070090977","adwong"
"E109","0030070570","0070090977","ayeoh"
"E109","0030070570","0070090977","aysuhendra"
"E109","0030070570","0070090977","benedicts"
"E109","0030070570","0070090977","ckchia"
"E109","0030070570","0070090977","ing"
"E109","0030070570","0070090977","jnardo"
"E109","0030070570","0070090977","jnto"
"E109","0030070570","0070090977","jsteoh"
"E109","0030070570","0070090977","khwang"
"E109","0030070570","0070090977","mcting"
"E109","0030070570","0070090977","nchew"
"E109","0030070570","0070090977","nfoo"
"E109","0030070570","0070090977","nimnordin"
"E109","0030070570","0070090977","pelng"
"E109","0030070570","0070090977","raclee"
"E109","0030070570","0070090977","sctan"
"E109","0030070570","0070090977","senhong"
"E109","0030070570","0070090977","stcheah"
"E109","0030070570","0070090977","wkhoo"
"E109","0030070570","0070090977","wltang"
"E109","0030070570","0070090977","wmteng"
"E109","0030070570","0070090977","wsliew"
"E109","0030070570","0070090977","yfuchan"
"E141","0030070570","0070090977","adwong"
"E141","0030070570","0070090977","aysuhendra"
"E141","0030070570","0070090977","chquay"
"E141","0030070570","0070090977","ckchia"
"E141","0030070570","0070090977","jnardo"
"E141","0030070570","0070090977","jnto"
"E141","0030070570","0070090977","jsteoh"
"E141","0030070570","0070090977","khwang"
"E141","0030070570","0070090977","kyap"
"E141","0030070570","0070090977","mcting"
"E141","0030070570","0070090977","nfoo"
"E141","0030070570","0070090977","nimnordin"
"E141","0030070570","0070090977","pelng"
"E141","0030070570","0070090977","raclee"
"E141","0030070570","0070090977","sctan"
"E141","0030070570","0070090977","stcheah"
"E141","0030070570","0070090977","wkhoo"
"E141","0030070570","0070090977","wmteng"
"E141","0030070570","0070090977","yfuchan"
"E151","0030070570","0070090977","adwong"
"E151","0030070570","0070090977","aysuhendra"
"E151","0030070570","0070090977","chquay"
"E151","0030070570","0070090977","ckchia"
"E151","0030070570","0070090977","jnardo"
"E151","0030070570","0070090977","jnto"
"E151","0030070570","0070090977","jsteoh"
"E151","0030070570","0070090977","khwang"
"E151","0030070570","0070090977","mcting"
"E151","0030070570","0070090977","nfoo"
"E151","0030070570","0070090977","nimnordin"
"E151","0030070570","0070090977","pelng"
"E151","0030070570","0070090977","raclee"
"E151","0030070570","0070090977","sctan"
"E151","0030070570","0070090977","stcheah"
"E151","0030070570","0070090977","wkhoo"
"E151","0030070570","0070090977","wmteng"
"E151","0030070570","0070090977","yfuchan"
"E202","0030070570","0070090977","adlee"
"E202","0030070570","0070090977","adwong"
"E202","0030070570","0070090977","aysuhendra"
"E202","0030070570","0070090977","chquay"
"E202","0030070570","0070090977","ckchia"
"E202","0030070570","0070090977","jnardo"
"E202","0030070570","0070090977","jnto"
"E202","0030070570","0070090977","jsteoh"
"E202","0030070570","0070090977","khwang"
"E202","0030070570","0070090977","mcting"
"E202","0030070570","0070090977","mychin"
"E202","0030070570","0070090977","nfoo"
"E202","0030070570","0070090977","nimnordin"
"E202","0030070570","0070090977","pelng"
"E202","0030070570","0070090977","raclee"
"E202","0030070570","0070090977","sctan"
"E202","0030070570","0070090977","stcheah"
"E202","0030070570","0070090977","wkhoo"
"E202","0030070570","0070090977","wmteng"
"E202","0030070570","0070090977","yfuchan"
"E401","0030070570","0070090977","adwong"
"E401","0030070570","0070090977","aysuhendra"
"E401","0030070570","0070090977","chquay"
"E401","0030070570","0070090977","ckchia"
"E401","0030070570","0070090977","ckelee"
"E401","0030070570","0070090977","jnardo"
"E401","0030070570","0070090977","jnto"
"E401","0030070570","0070090977","jsteoh"
"E401","0030070570","0070090977","khwang"
"E401","0030070570","0070090977","mcting"
"E401","0030070570","0070090977","nfoo"
"E401","0030070570","0070090977","nimnordin"
"E401","0030070570","0070090977","pelng"
"E401","0030070570","0070090977","raclee"
"E401","0030070570","0070090977","sctan"
"E401","0030070570","0070090977","stcheah"
"E401","0030070570","0070090977","wkhoo"
"E401","0030070570","0070090977","wmteng"
"E401","0030070570","0070090977","ychin"
"E401","0030070570","0070090977","yfuchan"
"E507","0030070570","0070090977","adwong"
"E507","0030070570","0070090977","aysuhendra"
"E507","0030070570","0070090977","chquay"
"E507","0030070570","0070090977","ckchia"
"E507","0030070570","0070090977","jhkhoo"
"E507","0030070570","0070090977","jnardo"
"E507","0030070570","0070090977","jnto"
"E507","0030070570","0070090977","jsteoh"
"E507","0030070570","0070090977","khwang"
"E507","0030070570","0070090977","ktkang"
"E507","0030070570","0070090977","mcting"
"E507","0030070570","0070090977","nfoo"
"E507","0030070570","0070090977","nimnordin"
"E507","0030070570","0070090977","pelng"
"E507","0030070570","0070090977","raclee"
"E507","0030070570","0070090977","sctan"
"E507","0030070570","0070090977","stcheah"
"E507","0030070570","0070090977","wkhoo"
"E507","0030070570","0070090977","wmteng"
"E507","0030070570","0070090977","yfuchan"
"E507","0030070570","0070090977","zlim"
"E605","0030070570","0070090977","adwong"
"E605","0030070570","0070090977","aysuhendra"
"E605","0030070570","0070090977","brchong"
"E605","0030070570","0070090977","ckchia"
"E605","0030070570","0070090977","jnardo"
"E605","0030070570","0070090977","jnto"
"E605","0030070570","0070090977","jsteoh"
"E605","0030070570","0070090977","khwang"
"E605","0030070570","0070090977","mcting"
"E605","0030070570","0070090977","nfoo"
"E605","0030070570","0070090977","nimnordin"
"E605","0030070570","0070090977","pelng"
"E605","0030070570","0070090977","raclee"
"E605","0030070570","0070090977","sctan"
"E605","0030070570","0070090977","stcheah"
"E605","0030070570","0070090977","wkhoo"
"E605","0030070570","0070090977","wmteng"
"E605","0030070570","0070090977","yfuchan"
"E707","0030070570","0070090977","adwong"
"E707","0030070570","0070090977","aysuhendra"
"E707","0030070570","0070090977","bcgai"
"E707","0030070570","0070090977","chquay"
"E707","0030070570","0070090977","ckchia"
"E707","0030070570","0070090977","dmcheng"
"E707","0030070570","0070090977","jnardo"
"E707","0030070570","0070090977","jnto"
"E707","0030070570","0070090977","jsteoh"
"E707","0030070570","0070090977","khwang"
"E707","0030070570","0070090977","mcting"
"E707","0030070570","0070090977","nfoo"
"E707","0030070570","0070090977","nimnordin"
"E707","0030070570","0070090977","pelng"
"E707","0030070570","0070090977","pkkhor"
"E707","0030070570","0070090977","raclee"
"E707","0030070570","0070090977","sctan"
"E707","0030070570","0070090977","stcheah"
"E707","0030070570","0070090977","wkhoo"
"E707","0030070570","0070090977","wmteng"
"E707","0030070570","0070090977","yfuchan"
"E707","0030070570","0070090977","zlim"
"E803","0030070570","0070090977","adwong"
"E803","0030070570","0070090977","aysuhendra"
"E803","0030070570","0070090977","benedicts"
"E803","0030070570","0070090977","ckchia"
"E803","0030070570","0070090977","farrahannisaf"
"E803","0030070570","0070090977","ing"
"E803","0030070570","0070090977","jnardo"
"E803","0030070570","0070090977","jnto"
"E803","0030070570","0070090977","jsteoh"
"E803","0030070570","0070090977","khwang"
"E803","0030070570","0070090977","mcting"
"E803","0030070570","0070090977","mffong"
"E803","0030070570","0070090977","nchew"
"E803","0030070570","0070090977","nfoo"
"E803","0030070570","0070090977","nimnordin"
"E803","0030070570","0070090977","pelng"
"E803","0030070570","0070090977","raclee"
"E803","0030070570","0070090977","rhah"
"E803","0030070570","0070090977","sctan"
"E803","0030070570","0070090977","senhong"
"E803","0030070570","0070090977","stcheah"
"E803","0030070570","0070090977","wkhoo"
"E803","0030070570","0070090977","wmteng"
"E803","0030070570","0070090977","wsliew"
"E803","0030070570","0070090977","yfuchan"
"E903","0030070570","0070090977","adwong"
"E903","0030070570","0070090977","aysuhendra"
"E903","0030070570","0070090977","chquay"
"E903","0030070570","0070090977","ckchia"
"E903","0030070570","0070090977","jnardo"
"E903","0030070570","0070090977","jnto"
"E903","0030070570","0070090977","jsteoh"
"E903","0030070570","0070090977","khwang"
"E903","0030070570","0070090977","mcting"
"E903","0030070570","0070090977","nfoo"
"E903","0030070570","0070090977","nimnordin"
"E903","0030070570","0070090977","pelng"
"E903","0030070570","0070090977","ptyap"
"E903","0030070570","0070090977","raclee"
"E903","0030070570","0070090977","sctan"
"E903","0030070570","0070090977","stcheah"
"E903","0030070570","0070090977","wkhoo"
"E903","0030070570","0070090977","wmteng"
"E903","0030070570","0070090977","yfuchan"
"E903","0030070570","0070090977","zlim"
"E9V2","0030070570","0070090977","adwong"
"E9V2","0030070570","0070090977","aysuhendra"
"E9V2","0030070570","0070090977","chquay"
"E9V2","0030070570","0070090977","ckchia"
"E9V2","0030070570","0070090977","dmcheng"
"E9V2","0030070570","0070090977","jnardo"
"E9V2","0030070570","0070090977","jnto"
"E9V2","0030070570","0070090977","jsteoh"
"E9V2","0030070570","0070090977","khwang"
"E9V2","0030070570","0070090977","mcting"
"E9V2","0030070570","0070090977","nfoo"
"E9V2","0030070570","0070090977","nimnordin"
"E9V2","0030070570","0070090977","pelng"
"E9V2","0030070570","0070090977","ptyap"
"E9V2","0030070570","0070090977","raclee"
"E9V2","0030070570","0070090977","sctan"
"E9V2","0030070570","0070090977","stcheah"
"E9V2","0030070570","0070090977","wkhoo"
"E9V2","0030070570","0070090977","wmteng"
"E9V2","0030070570","0070090977","yfuchan"
"E9V2","0030070570","0070090977","zlim"
"GMM1","0030070570","0070090977","mybayer-alantham"
"GMM1","0030070570","0070090977","mybayer-alvintai"
"GMM1","0030070570","0070090977","mybayer-bryantang"
"GMM1","0030070570","0070090977","mybayer-carolinetang"
"GMM1","0030070570","0070090977","mybayer-chelseaee"
"GMM1","0030070570","0070090977","mybayer-chengyee"
"GMM1","0030070570","0070090977","mybayer-ellyzeng"
"GMM1","0030070570","0070090977","mybayer-ernestchong"
"GMM1","0030070570","0070090977","mybayer-esther"
"GMM1","0030070570","0070090977","mybayer-helenleong"
"GMM1","0030070570","0070090977","mybayer-janlim"
"GMM1","0030070570","0070090977","mybayer-jchew"
"GMM1","0030070570","0070090977","mybayer-jieziliew"
"GMM1","0030070570","0070090977","mybayer-joannewoon"
"GMM1","0030070570","0070090977","mybayer-joeltan"
"GMM1","0030070570","0070090977","mybayer-larrylim"
"GMM1","0030070570","0070090977","mybayer-mavisleaw"
"GMM1","0030070570","0070090977","mybayer-michelletoo"
"GMM1","0030070570","0070090977","mybayer-mooi"
"GMM1","0030070570","0070090977","mybayer-quek"
"GMM1","0030070570","0070090977","mybayer-racheleng"
"GMM1","0030070570","0070090977","mybayer-randolphchan"
"GMM1","0030070570","0070090977","mybayer-serenekwan"
"GMM1","0030070570","0070090977","mybayer-sereneteh"
"GMM1","0030070570","0070090977","mybayer-siewbinhui"
"GMM1","0030070570","0070090977","mybayer-stefanloo"
"GMM1","0030070570","0070090977","mybayer-sungliyun"
"GMM1","0030070570","0070090977","mybayer-yvonnetong"
"GMM1","0030070570","0070090977","mybayer-zoel"
"GMM2","0030070570","0070090977","mybayer-alantham"
"GMM2","0030070570","0070090977","mybayer-alvintai"
"GMM2","0030070570","0070090977","mybayer-bryantang"
"GMM2","0030070570","0070090977","mybayer-carolinetang"
"GMM2","0030070570","0070090977","mybayer-chelseaee"
"GMM2","0030070570","0070090977","mybayer-chengyee"
"GMM2","0030070570","0070090977","mybayer-ellyzeng"
"GMM2","0030070570","0070090977","mybayer-ernestchong"
"GMM2","0030070570","0070090977","mybayer-esther"
"GMM2","0030070570","0070090977","mybayer-helenleong"
"GMM2","0030070570","0070090977","mybayer-janlim"
"GMM2","0030070570","0070090977","mybayer-jchew"
"GMM2","0030070570","0070090977","mybayer-jieziliew"
"GMM2","0030070570","0070090977","mybayer-joannewoon"
"GMM2","0030070570","0070090977","mybayer-joeltan"
"GMM2","0030070570","0070090977","mybayer-larrylim"
"GMM2","0030070570","0070090977","mybayer-mavisleaw"
"GMM2","0030070570","0070090977","mybayer-michelletoo"
"GMM2","0030070570","0070090977","mybayer-mooi"
"GMM2","0030070570","0070090977","mybayer-quek"
"GMM2","0030070570","0070090977","mybayer-racheleng"
"GMM2","0030070570","0070090977","mybayer-randolphchan"
"GMM2","0030070570","0070090977","mybayer-serenekwan"
"GMM2","0030070570","0070090977","mybayer-sereneteh"
"GMM2","0030070570","0070090977","mybayer-siewbinhui"
"GMM2","0030070570","0070090977","mybayer-stefanloo"
"GMM2","0030070570","0070090977","mybayer-sungliyun"
"GMM2","0030070570","0070090977","mybayer-yvonnetong"
"GMM2","0030070570","0070090977","mybayer-zoel"
"GMM3","0030070570","0070090977","mybayer-alantham"
"GMM3","0030070570","0070090977","mybayer-alvintai"
"GMM3","0030070570","0070090977","mybayer-bryantang"
"GMM3","0030070570","0070090977","mybayer-carolinetang"
"GMM3","0030070570","0070090977","mybayer-chelseaee"
"GMM3","0030070570","0070090977","mybayer-chengyee"
"GMM3","0030070570","0070090977","mybayer-ellyzeng"
"GMM3","0030070570","0070090977","mybayer-ernestchong"
"GMM3","0030070570","0070090977","mybayer-esther"
"GMM3","0030070570","0070090977","mybayer-helenleong"
"GMM3","0030070570","0070090977","mybayer-janlim"
"GMM3","0030070570","0070090977","mybayer-jchew"
"GMM3","0030070570","0070090977","mybayer-jieziliew"
"GMM3","0030070570","0070090977","mybayer-joannewoon"
"GMM3","0030070570","0070090977","mybayer-joeltan"
"GMM3","0030070570","0070090977","mybayer-larrylim"
"GMM3","0030070570","0070090977","mybayer-mavisleaw"
"GMM3","0030070570","0070090977","mybayer-michelletoo"
"GMM3","0030070570","0070090977","mybayer-mooi"
"GMM3","0030070570","0070090977","mybayer-quek"
"GMM3","0030070570","0070090977","mybayer-racheleng"
"GMM3","0030070570","0070090977","mybayer-randolphchan"
"GMM3","0030070570","0070090977","mybayer-serenekwan"
"GMM3","0030070570","0070090977","mybayer-sereneteh"
"GMM3","0030070570","0070090977","mybayer-siewbinhui"
"GMM3","0030070570","0070090977","mybayer-stefanloo"
"GMM3","0030070570","0070090977","mybayer-sungliyun"
"GMM3","0030070570","0070090977","mybayer-yvonnetong"
"GMM3","0030070570","0070090977","mybayer-zoel"
"GMM4","0030070570","0070090977","mybayer-alantham"
"GMM4","0030070570","0070090977","mybayer-alvintai"
"GMM4","0030070570","0070090977","mybayer-bryantang"
"GMM4","0030070570","0070090977","mybayer-carolinetang"
"GMM4","0030070570","0070090977","mybayer-chelseaee"
"GMM4","0030070570","0070090977","mybayer-chengyee"
"GMM4","0030070570","0070090977","mybayer-ellyzeng"
"GMM4","0030070570","0070090977","mybayer-ernestchong"
"GMM4","0030070570","0070090977","mybayer-esther"
"GMM4","0030070570","0070090977","mybayer-helenleong"
"GMM4","0030070570","0070090977","mybayer-janlim"
"GMM4","0030070570","0070090977","mybayer-jchew"
"GMM4","0030070570","0070090977","mybayer-jieziliew"
"GMM4","0030070570","0070090977","mybayer-joannewoon"
"GMM4","0030070570","0070090977","mybayer-joeltan"
"GMM4","0030070570","0070090977","mybayer-larrylim"
"GMM4","0030070570","0070090977","mybayer-mavisleaw"
"GMM4","0030070570","0070090977","mybayer-michelletoo"
"GMM4","0030070570","0070090977","mybayer-mooi"
"GMM4","0030070570","0070090977","mybayer-quek"
"GMM4","0030070570","0070090977","mybayer-racheleng"
"GMM4","0030070570","0070090977","mybayer-randolphchan"
"GMM4","0030070570","0070090977","mybayer-serenekwan"
"GMM4","0030070570","0070090977","mybayer-sereneteh"
"GMM4","0030070570","0070090977","mybayer-siewbinhui"
"GMM4","0030070570","0070090977","mybayer-stefanloo"
"GMM4","0030070570","0070090977","mybayer-sungliyun"
"GMM4","0030070570","0070090977","mybayer-yvonnetong"
"GMM4","0030070570","0070090977","mybayer-zoel"
"HACA00","0030070570","0070090977","mymsd-adelinjj"
"HACA00","0030070570","0070090977","mymsd-amaralum"
"HACA00","0030070570","0070090977","mymsd-cheekitc"
"HACA00","0030070570","0070090977","mymsd-christinesim"
"HACA00","0030070570","0070090977","mymsd-jasontys"
"HACA00","0030070570","0070090977","mymsd-jinnywjn"
"HACA00","0030070570","0070090977","mymsd-mursyida"
"HACA00","0030070570","0070090977","mymsd-norlailamn"
"HACA00","0030070570","0070090977","mymsd-renakwek"
"HACA00","0030070570","0070090977","mymsd-sharonheow"
"HACA00","0030070570","0070090977","mymsd-teckshentan"
"HACB00","0030070570","0070090977","mymsd-alanwong"
"HACB00","0030070570","0070090977","mymsd-alanyeo"
"HACB00","0030070570","0070090977","mymsd-amaralum"
"HACB00","0030070570","0070090977","mymsd-andrewlee1"
"HACB00","0030070570","0070090977","mymsd-cynthiang"
"HACB00","0030070570","0070090977","mymsd-hashvinimv"
"HACB00","0030070570","0070090977","mymsd-mursyida"
"HACB00","0030070570","0070090977","mymsd-richielim"
"HACB00","0030070570","0070090977","mymsd-tingtinglee"
"HACB00","0030070570","0070090977","mymsd-weesingsoh"
"HACB00","0030070570","0070090977","mymsd-weihengy"
"LOR2","0030070570","0070090977","adwong"
"LOR2","0030070570","0070090977","aysuhendra"
"LOR2","0030070570","0070090977","ckchia"
"LOR2","0030070570","0070090977","jnardo"
"LOR2","0030070570","0070090977","jnto"
"LOR2","0030070570","0070090977","jsteoh"
"LOR2","0030070570","0070090977","khwang"
"LOR2","0030070570","0070090977","mcting"
"LOR2","0030070570","0070090977","namaninaka"
"LOR2","0030070570","0070090977","nfoo"
"LOR2","0030070570","0070090977","nimnordin"
"LOR2","0030070570","0070090977","palwong"
"LOR2","0030070570","0070090977","pelng"
"LOR2","0030070570","0070090977","raclee"
"LOR2","0030070570","0070090977","sctan"
"LOR2","0030070570","0070090977","shochew"
"LOR2","0030070570","0070090977","stcheah"
"LOR2","0030070570","0070090977","wkhoo"
"LOR2","0030070570","0070090977","wmteng"
"LOR2","0030070570","0070090977","yfuchan"
"MF","0030070570","0070090977","mymundi-mfandeas"
"MF_BET","0030070570","0070090977","mymundi-mfandeas"
"MYPCA00","0030070570","0070090977","mymsd-amaralum"
"MYPCA00","0030070570","0070090977","mymsd-amycheah"
"MYPCA00","0030070570","0070090977","mymsd-ceciliayll"
"MYPCA00","0030070570","0070090977","mymsd-desmondlim"
"MYPCA00","0030070570","0070090977","mymsd-elizatan"
"MYPCA00","0030070570","0070090977","mymsd-gabriellac"
"MYPCA00","0030070570","0070090977","mymsd-gracellt"
"MYPCA00","0030070570","0070090977","mymsd-irenegoh"
"MYPCA00","0030070570","0070090977","mymsd-leechenlau"
"MYPCA00","0030070570","0070090977","mymsd-melvinchan"
"MYPCA00","0030070570","0070090977","mymsd-michelleteh"
"MYPCA00","0030070570","0070090977","mymsd-mohdzaidio"
"MYPCA00","0030070570","0070090977","mymsd-mursyida"
"MYPCB00","0030070570","0070090977","mymsd-ailenglee"
"MYPCB00","0030070570","0070090977","mymsd-amaralum"
"MYPCB00","0030070570","0070090977","mymsd-ceciliachong"
"MYPCB00","0030070570","0070090977","mymsd-darylhlc"
"MYPCB00","0030070570","0070090977","mymsd-jamiezql"
"MYPCB00","0030070570","0070090977","mymsd-jingwenchia"
"MYPCB00","0030070570","0070090977","mymsd-mursyida"
"MYPCB00","0030070570","0070090977","mymsd-peifernlee"
"MYPCB00","0030070570","0070090977","mymsd-rebeccafln"
"MYPCB00","0030070570","0070090977","mymsd-shaoyanlau"
"MYPCB00","0030070570","0070090977","mymsd-wenfeihau"
"MYPCB00","0030070570","0070090977","mymsd-yoonchingk"
"MYPCC00","0030070570","0070090977","mymsd-amaralum"
"MYPCC00","0030070570","0070090977","mymsd-huienkuan"
"MYPCC00","0030070570","0070090977","mymsd-huikeowlin"
"MYPCC00","0030070570","0070090977","mymsd-janiceyeeml"
"MYPCC00","0030070570","0070090977","mymsd-kelvinloo"
"MYPCC00","0030070570","0070090977","mymsd-lyviertan"
"MYPCC00","0030070570","0070090977","mymsd-meitezchang"
"MYPCC00","0030070570","0070090977","mymsd-mursyida"
"MYPCC00","0030070570","0070090977","mymsd-puiyeechin"
"MYPCC00","0030070570","0070090977","mymsd-sabrinagan"
"MYPCC00","0030070570","0070090977","mymsd-tienmooiyang"
"MYPCC00","0030070570","0070090977","mymsd-waihongphoon"
"MYPCC00","0030070570","0070090977","mymsd-yunlingliew"
"MYPCD00","0030070570","0070090977","mymsd-amaralum"
"MYPCD00","0030070570","0070090977","mymsd-cchenglim"
"MYPCD00","0030070570","0070090977","mymsd-chongshiiong"
"MYPCD00","0030070570","0070090977","mymsd-clarissasyt"
"MYPCD00","0030070570","0070090977","mymsd-delvanwee"
"MYPCD00","0030070570","0070090977","mymsd-hauyuansong"
"MYPCD00","0030070570","0070090977","mymsd-hocksenggoh"
"MYPCD00","0030070570","0070090977","mymsd-leenagoh"
"MYPCD00","0030070570","0070090977","mymsd-lyrayiting"
"MYPCD00","0030070570","0070090977","mymsd-meizhikhoo"
"MYPCD00","0030070570","0070090977","mymsd-mursyida"
"MYPCD00","0030070570","0070090977","mymsd-xinjianang"
"MYPCD00","0030070570","0070090977","mymsd-yishangan"
"NETH","0030070570","0070090977","adwong"
"NETH","0030070570","0070090977","aysuhendra"
"NETH","0030070570","0070090977","ckchia"
"NETH","0030070570","0070090977","jnardo"
"NETH","0030070570","0070090977","jnto"
"NETH","0030070570","0070090977","jsteoh"
"NETH","0030070570","0070090977","khwang"
"NETH","0030070570","0070090977","mcting"
"NETH","0030070570","0070090977","nfoo"
"NETH","0030070570","0070090977","nimnordin"
"NETH","0030070570","0070090977","pelng"
"NETH","0030070570","0070090977","raclee"
"NETH","0030070570","0070090977","sctan"
"NETH","0030070570","0070090977","stcheah"
"NETH","0030070570","0070090977","wkhoo"
"NETH","0030070570","0070090977","wmteng"
"NETH","0030070570","0070090977","yfuchan"
"NTRD","0030070570","0070090977","adwong"
"NTRD","0030070570","0070090977","aysuhendra"
"NTRD","0030070570","0070090977","ckchia"
"NTRD","0030070570","0070090977","jnardo"
"NTRD","0030070570","0070090977","jnto"
"NTRD","0030070570","0070090977","jsteoh"
"NTRD","0030070570","0070090977","khwang"
"NTRD","0030070570","0070090977","mcting"
"NTRD","0030070570","0070090977","namaninaka"
"NTRD","0030070570","0070090977","nfoo"
"NTRD","0030070570","0070090977","nimnordin"
"NTRD","0030070570","0070090977","palwong"
"NTRD","0030070570","0070090977","pelng"
"NTRD","0030070570","0070090977","raclee"
"NTRD","0030070570","0070090977","sctan"
"NTRD","0030070570","0070090977","stcheah"
"NTRD","0030070570","0070090977","wkhoo"
"NTRD","0030070570","0070090977","wmteng"
"NTRD","0030070570","0070090977","yfuchan"
"ONCOA00","0030070570","0070090977","mymsd-amaralum"
"ONCOA00","0030070570","0070090977","mymsd-charlenelee"
"ONCOA00","0030070570","0070090977","mymsd-kathrynyeoh"
"ONCOA00","0030070570","0070090977","mymsd-lihuaphang"
"ONCOA00","0030070570","0070090977","mymsd-melvintham"
"ONCOA00","0030070570","0070090977","mymsd-mursyida"
"ONCOA00","0030070570","0070090977","mymsd-sinlonglee"
"ONCOA00","0030070570","0070090977","mymsd-szemunyeoh"
"RDSM","0030070570","0070090977","mybayer-garylee"
"RDSM","0030070570","0070090977","mybayer-jchew"
"RDSM","0030070570","0070090977","mybayer-joannewoon"
"RDSM","0030070570","0070090977","mybayer-lthuanlai"
"RDSM","0030070570","0070090977","mybayer-samku"
"RDSM","0030070570","0070090977","mybayer-sereneteh"
"RDSM","0030070570","0070090977","mybayer-williamwo"
"REP_HIV","0030070570","0070090977","mygsk-ccy23073"
"REP_HIV","0030070570","0070090977","mygsk-eeo33416"
"REP_HIV","0030070570","0070090977","mygsk-wl646013"
"REP_HIV","0030070570","0070090977","mygsk-yt271830"
"REP_RX","0030070570","0070090977","mygsk-aa786837"
"REP_RX","0030070570","0070090977","mygsk-aah31032"
"REP_RX","0030070570","0070090977","mygsk-af306831"
"REP_RX","0030070570","0070090977","mygsk-am477242"
"REP_RX","0030070570","0070090977","mygsk-am655489"
"REP_RX","0030070570","0070090977","mygsk-azs51669"
"REP_RX","0030070570","0070090977","mygsk-bo8888"
"REP_RX","0030070570","0070090977","mygsk-bzc13386"
"REP_RX","0030070570","0070090977","mygsk-cc228844"
"REP_RX","0030070570","0070090977","mygsk-ccb26383"
"REP_RX","0030070570","0070090977","mygsk-cck57434"
"REP_RX","0030070570","0070090977","mygsk-cct56400"
"REP_RX","0030070570","0070090977","mygsk-ch641137"
"REP_RX","0030070570","0070090977","mygsk-cl552353"
"REP_RX","0030070570","0070090977","mygsk-cl710194"
"REP_RX","0030070570","0070090977","mygsk-cl760941"
"REP_RX","0030070570","0070090977","mygsk-cpt85129"
"REP_RX","0030070570","0070090977","mygsk-cwn28669"
"REP_RX","0030070570","0070090977","mygsk-cyc55199"
"REP_RX","0030070570","0070090977","mygsk-dfc62023"
"REP_RX","0030070570","0070090977","mygsk-dxg4898"
"REP_RX","0030070570","0070090977","mygsk-ffc85292"
"REP_RX","0030070570","0070090977","mygsk-fk242236"
"REP_RX","0030070570","0070090977","mygsk-ft777542"
"REP_RX","0030070570","0070090977","mygsk-gl53966"
"REP_RX","0030070570","0070090977","mygsk-hc167790"
"REP_RX","0030070570","0070090977","mygsk-hhc81901"
"REP_RX","0030070570","0070090977","mygsk-hhh29121"
"REP_RX","0030070570","0070090977","mygsk-hht46481"
"REP_RX","0030070570","0070090977","mygsk-jhn77866"
"REP_RX","0030070570","0070090977","mygsk-jjl72727"
"REP_RX","0030070570","0070090977","mygsk-jkt10776"
"REP_RX","0030070570","0070090977","mygsk-jmo33937"
"REP_RX","0030070570","0070090977","mygsk-jo739626"
"REP_RX","0030070570","0070090977","mygsk-jyn44247"
"REP_RX","0030070570","0070090977","mygsk-jzl31711"
"REP_RX","0030070570","0070090977","mygsk-kc841696"
"REP_RX","0030070570","0070090977","mygsk-kkc44131"
"REP_RX","0030070570","0070090977","mygsk-kkh15989"
"REP_RX","0030070570","0070090977","mygsk-kkh40522"
"REP_RX","0030070570","0070090977","mygsk-kkl55689"
"REP_RX","0030070570","0070090977","mygsk-kkl65308"
"REP_RX","0030070570","0070090977","mygsk-kkt95520"
"REP_RX","0030070570","0070090977","mygsk-kl656200"
"REP_RX","0030070570","0070090977","mygsk-kls89169"
"REP_RX","0030070570","0070090977","mygsk-ks499862"
"REP_RX","0030070570","0070090977","mygsk-ks772464"
"REP_RX","0030070570","0070090977","mygsk-kt351694"
"REP_RX","0030070570","0070090977","mygsk-kxh33708"
"REP_RX","0030070570","0070090977","mygsk-lh529301"
"REP_RX","0030070570","0070090977","mygsk-lll30405"
"REP_RX","0030070570","0070090977","mygsk-llt91341"
"REP_RX","0030070570","0070090977","mygsk-ls704182"
"REP_RX","0030070570","0070090977","mygsk-lt725117"
"REP_RX","0030070570","0070090977","mygsk-ltk41827"
"REP_RX","0030070570","0070090977","mygsk-ly959369"
"REP_RX","0030070570","0070090977","mygsk-ma237897"
"REP_RX","0030070570","0070090977","mygsk-ml196644"
"REP_RX","0030070570","0070090977","mygsk-mmc74999"
"REP_RX","0030070570","0070090977","mygsk-mmt52296"
"REP_RX","0030070570","0070090977","mygsk-mmw24383"
"REP_RX","0030070570","0070090977","mygsk-mqc68327"
"REP_RX","0030070570","0070090977","mygsk-mqm32729"
"REP_RX","0030070570","0070090977","mygsk-myj42836"
"REP_RX","0030070570","0070090977","mygsk-myn90832"
"REP_RX","0030070570","0070090977","mygsk-nam87915"
"REP_RX","0030070570","0070090977","mygsk-nn51394"
"REP_RX","0030070570","0070090977","mygsk-nn8358"
"REP_RX","0030070570","0070090977","mygsk-npp26333"
"REP_RX","0030070570","0070090977","mygsk-nqh31373"
"REP_RX","0030070570","0070090977","mygsk-ns490350"
"REP_RX","0030070570","0070090977","mygsk-nz761923"
"REP_RX","0030070570","0070090977","mygsk-ok500033"
"REP_RX","0030070570","0070090977","mygsk-ph129512"
"REP_RX","0030070570","0070090977","mygsk-pl271510"
"REP_RX","0030070570","0070090977","mygsk-pl507247"
"REP_RX","0030070570","0070090977","mygsk-po438971"
"REP_RX","0030070570","0070090977","mygsk-ppo74247"
"REP_RX","0030070570","0070090977","mygsk-pww72082"
"REP_RX","0030070570","0070090977","mygsk-sa210266"
"REP_RX","0030070570","0070090977","mygsk-sa508236"
"REP_RX","0030070570","0070090977","mygsk-sc312984"
"REP_RX","0030070570","0070090977","mygsk-sc869653"
"REP_RX","0030070570","0070090977","mygsk-sk872415"
"REP_RX","0030070570","0070090977","mygsk-spa48453"
"REP_RX","0030070570","0070090977","mygsk-sqs57515"
"REP_RX","0030070570","0070090977","mygsk-sr887146"
"REP_RX","0030070570","0070090977","mygsk-ss912383"
"REP_RX","0030070570","0070090977","mygsk-ssl25257"
"REP_RX","0030070570","0070090977","mygsk-ssl88649"
"REP_RX","0030070570","0070090977","mygsk-sst43489"
"REP_RX","0030070570","0070090977","mygsk-ssw16989"
"REP_RX","0030070570","0070090977","mygsk-sw946053"
"REP_RX","0030070570","0070090977","mygsk-sy492159"
"REP_RX","0030070570","0070090977","mygsk-tlh54879"
"REP_RX","0030070570","0070090977","mygsk-tnn39305"
"REP_RX","0030070570","0070090977","mygsk-to42420"
"REP_RX","0030070570","0070090977","mygsk-tyt69122"
"REP_RX","0030070570","0070090977","mygsk-tyy42292"
"REP_RX","0030070570","0070090977","mygsk-vas9215"
"REP_RX","0030070570","0070090977","mygsk-vhm51373"
"REP_RX","0030070570","0070090977","mygsk-vll28507"
"REP_RX","0030070570","0070090977","mygsk-vst34168"
"REP_RX","0030070570","0070090977","mygsk-vy37007"
"REP_RX","0030070570","0070090977","mygsk-wh585075"
"REP_RX","0030070570","0070090977","mygsk-www60457"
"REP_RX","0030070570","0070090977","mygsk-yc661861"
"REP_RX","0030070570","0070090977","mygsk-yc860046"
"REP_RX","0030070570","0070090977","mygsk-yk759259"
"REP_RX","0030070570","0070090977","mygsk-yl941594"
"REP_RX","0030070570","0070090977","mygsk-yt386246"
"REP_RX","0030070570","0070090977","mygsk-zbj27460"
"REP_RX","0030070570","0070090977","mygsk-zzz86777"
"REP_VX","0030070570","0070090977","mygsk-cb293356"
"REP_VX","0030070570","0070090977","mygsk-ccc34817"
"REP_VX","0030070570","0070090977","mygsk-cl978988"
"REP_VX","0030070570","0070090977","mygsk-dsc93413"
"REP_VX","0030070570","0070090977","mygsk-ecy71104"
"REP_VX","0030070570","0070090977","mygsk-ell39722"
"REP_VX","0030070570","0070090977","mygsk-ext48214"
"REP_VX","0030070570","0070090977","mygsk-ffl45011"
"REP_VX","0030070570","0070090977","mygsk-gl154423"
"REP_VX","0030070570","0070090977","mygsk-hhp39115"
"REP_VX","0030070570","0070090977","mygsk-ht50543"
"REP_VX","0030070570","0070090977","mygsk-kck12548"
"REP_VX","0030070570","0070090977","mygsk-kht91732"
"REP_VX","0030070570","0070090977","mygsk-ksk20638"
"REP_VX","0030070570","0070090977","mygsk-lyl44755"
"REP_VX","0030070570","0070090977","mygsk-mf411968"
"REP_VX","0030070570","0070090977","mygsk-mwchong"
"REP_VX","0030070570","0070090977","mygsk-ph890341"
"REP_VX","0030070570","0070090977","mygsk-pjl60258"
"REP_VX","0030070570","0070090977","mygsk-pk625506"
"REP_VX","0030070570","0070090977","mygsk-ppl47673"
"REP_VX","0030070570","0070090977","mygsk-pzl27510"
"REP_VX","0030070570","0070090977","mygsk-pzt7251"
"REP_VX","0030070570","0070090977","mygsk-sh457984"
"REP_VX","0030070570","0070090977","mygsk-sl923113"
"REP_VX","0030070570","0070090977","mygsk-sn465837"
"REP_VX","0030070570","0070090977","mygsk-to401901"
"REP_VX","0030070570","0070090977","mygsk-tr303732"
"REP_VX","0030070570","0070090977","mygsk-txk18690"
"REP_VX","0030070570","0070090977","mygsk-vxm10094"
"REP_VX","0030070570","0070090977","mygsk-wc498994"
"REP_VX","0030070570","0070090977","mygsk-wwl66551"
"REP_VX","0030070570","0070090977","mygsk-wy369244"
"Sharon Yeo","0030070570","0070090977","mytaiho-bchintan"
"Sharon Yeo","0030070570","0070090977","mytaiho-sharonyeo"
"Sharon Yeo","0030070570","0070090977","mytaiho-sygoh"
"SMSM","0030070570","0070090977","mybayer-bctew"
"SMSM","0030070570","0070090977","mybayer-catherine"
"SMSM","0030070570","0070090977","mybayer-chowhinyip"
"SMSM","0030070570","0070090977","mybayer-jchew"
"SMSM","0030070570","0070090977","mybayer-joanne"
"SMSM","0030070570","0070090977","mybayer-joannewoon"
"SMSM","0030070570","0070090977","mybayer-joeliew"
"SMSM","0030070570","0070090977","mybayer-sereneteh"
"SMSM","0030070570","0070090977","mybayer-yuejun"
"VACCA00","0030070570","0070090977","mymsd-amaralum"
"VACCA00","0030070570","0070090977","mymsd-chloeyap"
"VACCA00","0030070570","0070090977","mymsd-jaynechw"
"VACCA00","0030070570","0070090977","mymsd-justinyeap"
"VACCA00","0030070570","0070090977","mymsd-karyingsiow"
"VACCA00","0030070570","0070090977","mymsd-leongmengs"
"VACCA00","0030070570","0070090977","mymsd-liyinheah"
"VACCA00","0030070570","0070090977","mymsd-michelleho"
"VACCA00","0030070570","0070090977","mymsd-mursyida"
"VACCA00","0030070570","0070090977","mymsd-samwc"
"VACCA00","0030070570","0070090977","mymsd-yeowkiatyeo"
"VACCA00","0030070570","0070090977","mymsd-yipinglim"
"VACCA00","0030070570","0070090977","mymsd-zelynteo"
"VACCA00","0030070570","0070090977","mymsd-zhiqinteo"
"VACCB00","0030070570","0070090977","mymsd-amaralum"
"VACCB00","0030070570","0070090977","mymsd-chinhooing"
"VACCB00","0030070570","0070090977","mymsd-choonkitchan"
"VACCB00","0030070570","0070090977","mymsd-chunliewyeow"
"VACCB00","0030070570","0070090977","mymsd-ellytai"
"VACCB00","0030070570","0070090977","mymsd-engloonlim"
"VACCB00","0030070570","0070090977","mymsd-jitkenttan"
"VACCB00","0030070570","0070090977","mymsd-mursyida"
"VACCB00","0030070570","0070090977","mymsd-siewhungmah"
"VACCB00","0030070570","0070090977","mymsd-stevenleong"
"VACCB00","0030070570","0070090977","mymsd-taikongfoo"
"VACCB00","0030070570","0070090977","mymsd-wancheehoan"
"VACCB00","0030070570","0070090977","mymsd-yvonnecheah"
"VACCC00","0030070570","0070090977","mymsd-amaralum"
"VACCC00","0030070570","0070090977","mymsd-choonweeg"
"VACCC00","0030070570","0070090977","mymsd-fatheenean"
"VACCC00","0030070570","0070090977","mymsd-janiceyyt"
"VACCC00","0030070570","0070090977","mymsd-juinteinghoo"
"VACCC00","0030070570","0070090977","mymsd-julietongsl"
"VACCC00","0030070570","0070090977","mymsd-kaihuichong"
"VACCC00","0030070570","0070090977","mymsd-kayewong"
"VACCC00","0030070570","0070090977","mymsd-mursyida"
"VACCC00","0030070570","0070090977","mymsd-sheneyinliau"
"VACCC00","0030070570","0070090977","mymsd-szeboonthea"
"VACCC00","0030070570","0070090977","mymsd-yilingeng"
"VBE 02","0030070570","0070090977","charmaine228"
"VBE 02","0030070570","0070090977","kogilan208"
"VBE 03","0030070570","0070090977","charmaine228"
"VBE 03","0030070570","0070090977","kogilan208"
"VBE 04","0030070570","0070090977","charmaine228"
"VBE 04","0030070570","0070090977","kogilan208"
"WHM1","0030070570","0070090977","mybayer-angkimbee"
"WHM1","0030070570","0070090977","mybayer-beeholoo"
"WHM1","0030070570","0070090977","mybayer-choongmeiyee"
"WHM1","0030070570","0070090977","mybayer-cynthia"
"WHM1","0030070570","0070090977","mybayer-daphne"
"WHM1","0030070570","0070090977","mybayer-frankechung"
"WHM1","0030070570","0070090977","mybayer-ireneooi"
"WHM1","0030070570","0070090977","mybayer-janechew"
"WHM1","0030070570","0070090977","mybayer-jchew"
"WHM1","0030070570","0070090977","mybayer-joannewoon"
"WHM1","0030070570","0070090977","mybayer-kelyintor"
"WHM1","0030070570","0070090977","mybayer-limcheaw"
"WHM1","0030070570","0070090977","mybayer-linalim"
"WHM1","0030070570","0070090977","mybayer-sapphiresiew"
"WHM1","0030070570","0070090977","mybayer-sereneteh"
"WHM1","0030070570","0070090977","mybayer-suzeneker"
"WHM1","0030070570","0070090977","mybayer-swleong"
"WHM1","0030070570","0070090977","mybayer-weesoon"
"WHM1","0030070570","0070090977","mybayer-xynnwee"
"WHM1","0030070570","0070090977","mybayer-yvoannelim"
"WHM2","0030070570","0070090977","mybayer-angkimbee"
"WHM2","0030070570","0070090977","mybayer-beeholoo"
"WHM2","0030070570","0070090977","mybayer-choongmeiyee"
"WHM2","0030070570","0070090977","mybayer-cynthia"
"WHM2","0030070570","0070090977","mybayer-daphne"
"WHM2","0030070570","0070090977","mybayer-frankechung"
"WHM2","0030070570","0070090977","mybayer-ireneooi"
"WHM2","0030070570","0070090977","mybayer-janechew"
"WHM2","0030070570","0070090977","mybayer-jchew"
"WHM2","0030070570","0070090977","mybayer-joannewoon"
"WHM2","0030070570","0070090977","mybayer-kelyintor"
"WHM2","0030070570","0070090977","mybayer-limcheaw"
"WHM2","0030070570","0070090977","mybayer-linalim"
"WHM2","0030070570","0070090977","mybayer-sapphiresiew"
"WHM2","0030070570","0070090977","mybayer-sereneteh"
"WHM2","0030070570","0070090977","mybayer-suzeneker"
"WHM2","0030070570","0070090977","mybayer-swleong"
"WHM2","0030070570","0070090977","mybayer-weesoon"
"WHM2","0030070570","0070090977","mybayer-xynnwee"
"WHM2","0030070570","0070090977","mybayer-yvoannelim"
